,Artists Name,Artist ID,Track Name,Track ID,Release Date,Popularity,Danceability,Energy
0,Ninho,6Te49r3A6f5BiIgBRxH7FH,Goutte d’eau,5ojNTROUJJgCFFbdD3xTZn,2019-02-21,78,0.663,0.685
1,Heuss L'enfoiré,3YwqjMyrRfuixi2pbgTGCE,Khapta,6stxV2bl7xSiPUornxwyNR,2019-01-25,80,0.811,0.692
2,Ariana Grande,66CXWjxzNUsdJxJ2JdwvnR,7 rings,6ocbgoVGwYJhOv1GgI9NsF,2019-02-08,93,0.771,0.32
3,Heuss L'enfoiré,3YwqjMyrRfuixi2pbgTGCE,Les méchants,0r64LBR8RlnXcdd5HTFubd,2019-01-25,75,0.675,0.626
4,Angèle,3QVolfxko2UyCOtexhVTli,Tout oublier,06O3hxudc6V0BOuoCFSy71,2018-10-05,78,0.692,0.542
5,Lomepal,1Yfe3ONJlioHys7jwHdfVm,Trop beau,4WB9OeauHXnGOMUK4s80gM,2018-12-07,77,0.748,0.66
6,Lady Gaga,1HY2Jd0NmPuamShAr6KMms,Shallow,2VxeLyX666F8uXCJ0dZF8B,2018-10-05,94,0.572,0.385
7,Bramsito,1WDkNp8Duv9QhO246S4dDa,Sale mood,7oxSh7uiB74lWGVIv2Qtlm,2018-11-01,76,0.685,0.761
8,Lomepal,1Yfe3ONJlioHys7jwHdfVm,1000°C,6l7PqWKsgm4NLomOE7Veou,2018-12-07,73,0.706,0.553
9,Kaaris,1ntQKIMIgESKpKoNXVBvQg,Gun salute,5UgUGPknu6JRgawaJAO9rX,2019-01-25,70,0.862,0.533
10,Ava Max,4npEfmQ6YuiwW1GpUmaq3F,Sweet but Psycho,25sgk305KZfyuqVBQIahim,2018-08-17,96,0.719,0.704
11,Eva,5nH2klYTzn8CNvUv1GOGQO,On Fleek,4MSFxqmkiMxq7e61jTqgqt,2019-01-11,75,0.735,0.764
12,Maes,6L34dW6SKMSDaGIfYDU19j,Madrina,4miiqu2dxOhBguQDHtqssH,2018-11-29,69,0.736,0.797
13,Roméo Elvis,2pHk4wAmL7ofTAuvCIUWtv,Malade,0MEriM1ajYAQOZTzLSz7o7,2019-02-21,68,0.669,0.641
14,Calvin Harris,7CajNmpbOovFoOoasH2HaY,Giant (with Rag'n'Bone Man),5itOtNx0WxtJmi1TQ3RuRd,2019-01-11,92,0.807,0.887
15,Koba LaD,1q7T9rFQ2a2ukA1PU51fo3,Aventador,4je4fmupGLC9rTN4VgZRgY,2019-02-14,70,0.82,0.657
16,Aya Nakamura,7IlRNXHjoOCgEAWN5qYksg,La dot,3aRgAfrt6aQW8IimLq2aVG,2018-11-02,75,0.752,0.514
17,Booba,58wXmynHaAWI5hwlPZP3qL,PGP,38Eq6RgIxOdt4twqyVAPCn,2019-01-24,76,0.803,0.533
18,Ariana Grande,66CXWjxzNUsdJxJ2JdwvnR,"break up with your girlfriend, i'm bored",4kV4N9D1iKVxx1KLvtTpjS,2019-02-08,98,0.726,0.545
19,Hamza,5gs4Sm2WQUkcGeikMcVHbh,HS (feat. SCH),3Orh7rBLR3SbekWQQs3N1L,2019-02-22,66,0.729,0.512
20,Bad Bunny,4q3ewBCX7sLwd24euuV69X,MIA (feat. Drake),116H0KvKr2Zl4RPuVBruDO,2018-10-11,95,0.817,0.539
21,Jain,2HHmvvSQ44ePDH7IKVzgK0,Oh Man,0F3fscqwFqD52Tpbep5hBW,2018-08-24,72,0.878,0.477
22,David Guetta,1Cs0zKBU1kc0i8ypK3B9ai,Say My Name,0YammaEkYSeo9vQYZ1OwS6,2018-09-14,88,0.703,0.66
23,Panic! At The Disco,20JZFwl6HVl6yg8a4H3ZqK,High Hopes,1rqqCSm0Qe4I9rUvWncaom,2018-06-22,94,0.579,0.904
24,Kpoint,3ABLHSKKZzNcgpBuXvLB9W,Ma 6t a craqué (feat. Ninho),2KtpMkc1TS1FMwy9FR0gCM,2019-02-15,54,0.816,0.684
25,Robin Schulz,3t5xRXzsuZmMDkQzgOX35S,Speechless (feat. Erika Sirola),1rCcsYnmqbMYdkG7kS9GC5,2018-11-16,87,0.574,0.728
26,Angèle,3QVolfxko2UyCOtexhVTli,Balance ton quoi,2jX5c5RFp0A9E1GDsvGxIa,2018-10-05,72,0.703,0.442
27,Hornet La Frappe,1kwzW1IszUiq4Gs9BFesvW,Sheitana (feat. Ninho),1GOIfWQmA3Tp6GlwcCd35K,2018-09-21,72,0.851,0.626
28,GLK,3dH7pcBScIJQboDyMzUzez,Mauvais,3ABwQntK8i49EGOd3SSj7Q,2018-11-30,71,0.867,0.68
29,Heuss L'enfoiré,3YwqjMyrRfuixi2pbgTGCE,L'enfoiré,2S8wxDFED8PAo4ZqhyMRh2,2019-01-25,72,0.652,0.621
30,Diplo,5fMUXHkw8R8eOP2RNVYEZX,Boom Bye Bye,3JgDeryfh6Z9P0b8plZTwF,2019-01-24,72,0.686,0.796
31,RK,2s7fZ34RK8RUJQ2ewsh6I5,Rédemption,2ZyJthCTd4r7yLIWuIxFcb,2019-02-07,71,0.846,0.839
32,PLK,3DCWeG2J1fZeu0Oe6i5Q6m,Dingue,4a4cTUsFiyPN8jaHt2xf18,2019-02-01,70,0.676,0.675
33,Ninho,6Te49r3A6f5BiIgBRxH7FH,Binks to Binks 6,4zrEmFA3R3JngfWR70zu3w,2019-01-01,71,0.617,0.691
34,Pedro Capó,4QVBYiagIaa6ZGSPMbybpy,Calma - Remix,5iwz1NiezX7WWjnCgY5TH4,2018-10-05,96,0.826,0.773
35,XXXTENTACION,15UsOTVnJzReFVN1VCnxy4,Arms Around You (feat. Maluma & Swae Lee),2LskIZrCeLxRvCiGP8gxlh,2018-10-25,90,0.703,0.723
36,Sam Smith,2wY79sveU1sp5g7SokKOiI,Dancing With A Stranger (with Normani),6Qs4SXO9dwPj5GKvVOv8Ki,2019-01-11,96,0.741,0.52
37,Mark Ronson,3hv9jJF3adDNsBSIQDqcjp,Nothing Breaks Like a Heart (feat. Miley Cyrus),27rdGxbavYJeBphck5MZAF,2018-11-30,92,0.601,0.794
38,Ozuna,1i8SpTcr7yvPOmcqrbnVXY,Baila Baila Baila,7uH27oIt4a6cIFCA8ZPcyG,2019-01-05,93,0.816,0.754
39,Maes,6L34dW6SKMSDaGIfYDU19j,Billets verts,3uTNli5uz5rNOqD6qZFi8L,2018-11-29,65,0.664,0.573
40,Lost Frequencies,7f5Zgnp2spUuuzKplmRkt7,Like I Love You (feat. The NGHBRS),30K9xVNSog0DVr5ey5yVoY,2018-09-14,70,0.863,0.588
41,Orelsan,4FpJcNgOvIpSBeJgRg3OfN,Rêves bizarres (feat. Damso),7lhuM9WUqdThw72dCBRmQW,2018-11-16,73,0.816,0.652
42,Heuss L'enfoiré,3YwqjMyrRfuixi2pbgTGCE,Aristocrate,7gNlaZaMIjRUfnAYd9Dvmt,2019-01-25,69,0.935,0.613
43,Koba LaD,1q7T9rFQ2a2ukA1PU51fo3,FeFe,369Vi2C4a73xhxhowHNbSR,2019-01-29,70,0.891,0.6
44,Rim'K,2eh8cEKZk4VeruUrGq748D,Air Max,0RTvfKVdkt10ATfJ8BjMEI,2018-09-21,64,0.82,0.591
45,DJ Snake,540vIaP2JwjQb9dm3aArA4,"Taki Taki (with Selena Gomez, Ozuna & Cardi B)",4w8niZpiMy6qz1mntFA5uM,2018-09-28,95,0.841,0.798
46,Lacrim,7DUTsWY3RBd64vh8UtgtYA,Solo,6z98rQO7KJLzFAkFflWsjf,2019-02-08,62,0.704,0.846
47,Shay,3MNnSV5hDd2UzZzgqD8xlU,Notif,4K6xOnJQowVf9QL5Qrr86A,2019-02-21,64,0.757,0.734
48,Zola,54kCbQZaZWHnwwj9VP2hn4,Zolabeille,30KebKTywCUJuheOI8RG8a,2019-02-22,62,0.814,0.473
49,Heuss L'enfoiré,3YwqjMyrRfuixi2pbgTGCE,Benda,7gX2hqFLQKjiJwK8gZVofe,2019-01-25,71,0.822,0.81
